{
    "FET": 1774379263.8742864,
    "APT": 1774358256.4585578,
    "SUI": 1774328182.6763363,
    "NEAR": 1774405669.9199152,
    "ETH": 1774336091.4020724,
    "ARB": 1774368582.3944867,
    "DOT": 1774388496.87507
}