{
    "FET": 1774702831.0156062,
    "OP": 1774690863.5240183,
    "NEAR": 1774733593.6083128,
    "SUI": 1774681404.9027393,
    "DOGE": 1774712126.7356575,
    "SHIB": 1774723490.5336676,
    "APT": 1774751903.5595148
}