{
    "APT": 1774492450.8147771,
    "ARB": 1774531348.9029214,
    "DOT": 1774474989.8428767,
    "ADA": 1774465197.915729,
    "WIF": 1774501779.32315,
    "DOGE": 1774509237.1715977,
    "NEAR": 1774519471.3069978
}