{
    "FET": 1773827970.686767,
    "TIA": 1773850244.511636,
    "ARB": 1773887336.1786966,
    "AVAX": 1773903684.9762242,
    "LINK": 1773860604.973793,
    "OP": 1773869916.5431814,
    "ADA": 1773896153.1147172
}