{
    "ADA": 1773397696.983832,
    "AVAX": 1773402662.0915568,
    "DOT": 1773440248.8504586
}