{
    "FET": 1774761273.2230458,
    "OP": 1774690863.5240183,
    "NEAR": 1774733593.6083128,
    "DOGE": 1774712126.7356575,
    "SHIB": 1774723490.5336676,
    "APT": 1774751903.5595148,
    "TIA": 1774768127.08998
}