{
    "FET": 1774379263.8742864,
    "APT": 1774422397.0799677,
    "NEAR": 1774405669.9199152,
    "ETH": 1774336091.4020724,
    "ARB": 1774368582.3944867,
    "DOT": 1774388496.87507,
    "BNB": 1774414645.5174484
}