{
    "FET": 1773610281.3264666,
    "PEPE": 1773628639.619308,
    "AVAX": 1773638257.2437594,
    "DOT": 1773645671.6800013,
    "ADA": 1773655696.7359781
}