{
    "CREAM": 1773105964.5182652,
    "PNT": 1773106449.9954913,
    "FLOW": 1773106886.2915087
}