{
    "ADA": 1773520029.7717452,
    "AVAX": 1773467047.8982701,
    "DOT": 1773505798.3606033,
    "SOL": 1773502077.1016665,
    "LINK": 1773509174.9119306,
    "ETH": 1773513439.521649,
    "XRP": 1773470610.4145381,
    "BNB": 1773473653.2711465,
    "BTC": 1773477241.079337,
    "TRX": 1773480690.40079,
    "MATIC": 1773484044.9446807
}