{
    "FET": 1773827970.686767,
    "TIA": 1773850244.511636,
    "SUI": 1773783672.8049479,
    "APT": 1773800879.3724873,
    "DOT": 1773809906.6385965,
    "ARB": 1773817546.7678163,
    "AVAX": 1773839858.8047645,
    "LINK": 1773860604.973793,
    "OP": 1773869916.5431814
}