{
    "FET": 1773677299.556412,
    "PEPE": 1773687989.7740219,
    "AVAX": 1773638257.2437594,
    "DOT": 1773714130.3955693,
    "ADA": 1773655696.7359781,
    "ETH": 1773667045.1371214,
    "TIA": 1773697413.569737
}