{
    "FET": 1773990004.4814672,
    "TIA": 1773972864.1931853,
    "ARB": 1773956360.36321,
    "AVAX": 1773903684.9762242,
    "OP": 1773935903.0465865,
    "NEAR": 1773946977.7813258,
    "INJ": 1773982194.7306676
}