{
    "ARB": 1774271628.746824,
    "FET": 1774302060.1366093,
    "APT": 1774292396.8439224,
    "ADA": 1774233011.228425,
    "SUI": 1774250139.518,
    "NEAR": 1774260391.2088523,
    "PEPE": 1774281776.0471356,
    "SHIB": 1774305422.2572181,
    "SOL": 1774305698.3721538,
    "AVAX": 1774306270.1918845,
    "DOGE": 1774306571.797072
}