{
    "ADA": 1773461503.6853492,
    "AVAX": 1773467047.8982701,
    "DOT": 1773440248.8504586,
    "SOL": 1773444465.6199877,
    "LINK": 1773449630.1513104,
    "ETH": 1773453364.7807252,
    "XRP": 1773470610.4145381,
    "BNB": 1773473653.2711465
}