{
    "FET": 1773610281.3264666,
    "PEPE": 1773628639.619308,
    "AVAX": 1773638257.2437594
}