{
    "TIA": 1774193614.8713567,
    "NEAR": 1774128747.258948,
    "ARB": 1774180927.985348,
    "SHIB": 1774146769.1493618,
    "OP": 1774155521.4199798,
    "FET": 1774184452.0672207
}