{
    "FET": 1774050682.7341623,
    "TIA": 1774059127.634583,
    "OP": 1773999907.7735283,
    "INJ": 1774042437.0147395,
    "APT": 1774011912.7329767,
    "SHIB": 1774021523.439833,
    "DOT": 1774032824.9959962,
    "PEPE": 1774054413.6160522,
    "NEAR": 1774055025.9160461
}