{
    "FET": 1773741561.5570853,
    "PEPE": 1773753492.437589,
    "DOT": 1773714130.3955693,
    "TIA": 1773697413.569737,
    "XRP": 1773723248.830323,
    "SHIB": 1773731333.8618913
}