{
    "AVAX": 1773527068.9087374,
    "FET": 1773610281.3264666
}