{
    "FET": 1773925835.5435028,
    "TIA": 1773972864.1931853,
    "ARB": 1773956360.36321,
    "AVAX": 1773903684.9762242,
    "OP": 1773935903.0465865,
    "ADA": 1773896153.1147172,
    "NEAR": 1773946977.7813258
}