{
    "ADA": 1774541667.2453282,
    "FET": 1774617161.9615154,
    "AVAX": 1774560940.8759058,
    "SOL": 1774579137.6361244,
    "ETH": 1774588232.952001,
    "TIA": 1774595597.370996,
    "BTC": 1774605507.8506248,
    "OP": 1774627000.4549208
}