{
    "ADA": 1773492535.4913106,
    "AVAX": 1773467047.8982701,
    "DOT": 1773495902.5007484,
    "SOL": 1773444465.6199877,
    "LINK": 1773449630.1513104,
    "ETH": 1773453364.7807252,
    "XRP": 1773470610.4145381,
    "BNB": 1773473653.2711465,
    "BTC": 1773477241.079337,
    "TRX": 1773480690.40079,
    "MATIC": 1773484044.9446807
}