{
    "ARB": 1774271628.746824,
    "OP": 1774215059.8280509,
    "FET": 1774242412.1439583,
    "APT": 1774292396.8439224,
    "ADA": 1774233011.228425,
    "SUI": 1774250139.518,
    "NEAR": 1774260391.2088523,
    "PEPE": 1774281776.0471356
}