{
    "ARB": 1774531348.9029214,
    "ADA": 1774541667.2453282,
    "DOGE": 1774509237.1715977,
    "NEAR": 1774519471.3069978,
    "FET": 1774552258.5785954,
    "AVAX": 1774560940.8759058,
    "SOL": 1774579137.6361244,
    "ETH": 1774588232.952001,
    "TIA": 1774595597.370996
}