{
    "TIA": 1774193614.8713567,
    "ARB": 1774180927.985348,
    "OP": 1774215059.8280509,
    "FET": 1774242412.1439583,
    "APT": 1774204919.356658,
    "ADA": 1774233011.228425
}