{
    "ADA": 1773397696.983832,
    "AVAX": 1773402662.0915568
}