{
    "FET": 1773741561.5570853,
    "PEPE": 1773687989.7740219,
    "DOT": 1773714130.3955693,
    "ADA": 1773655696.7359781,
    "ETH": 1773667045.1371214,
    "TIA": 1773697413.569737,
    "XRP": 1773723248.830323,
    "SHIB": 1773731333.8618913
}