{
    "TIA": 1774118642.1952825,
    "INJ": 1774107160.0025876,
    "APT": 1774075969.0220292,
    "DOT": 1774097719.1422138,
    "NEAR": 1774128747.258948,
    "ADA": 1774067362.2734737,
    "ARB": 1774085942.3469543,
    "SHIB": 1774146769.1493618
}