{
    "FET": 1773990004.4814672,
    "TIA": 1773972864.1931853,
    "ARB": 1773956360.36321,
    "OP": 1773999907.7735283,
    "INJ": 1774042437.0147395,
    "APT": 1774011912.7329767,
    "SHIB": 1774021523.439833,
    "DOT": 1774032824.9959962
}