{
    "FET": 1773827970.686767,
    "PEPE": 1773753492.437589,
    "TIA": 1773763725.8000643,
    "WIF": 1773774401.1402442,
    "SUI": 1773783672.8049479,
    "APT": 1773800879.3724873,
    "DOT": 1773809906.6385965,
    "ARB": 1773817546.7678163,
    "AVAX": 1773839858.8047645
}