{
    "TIA": 1774193614.8713567,
    "ARB": 1774180927.985348,
    "SHIB": 1774146769.1493618,
    "OP": 1774215059.8280509,
    "FET": 1774184452.0672207,
    "APT": 1774204919.356658,
    "ADA": 1774233011.228425
}