{
    "FET": 1774444620.3824275,
    "APT": 1774492450.8147771,
    "ARB": 1774455233.302185,
    "DOT": 1774474989.8428767,
    "PEPE": 1774432682.3455276,
    "ADA": 1774465197.915729,
    "WIF": 1774501779.32315,
    "DOGE": 1774509237.1715977
}