{
    "FET": 1774617161.9615154,
    "TIA": 1774664805.0516047,
    "BTC": 1774605507.8506248,
    "OP": 1774690863.5240183,
    "APT": 1774638029.3551414,
    "ARB": 1774647538.3730993,
    "NEAR": 1774673775.8380458,
    "SUI": 1774681404.9027393
}