{
    "ARB": 1774531348.9029214,
    "ADA": 1774541667.2453282,
    "WIF": 1774501779.32315,
    "DOGE": 1774509237.1715977,
    "NEAR": 1774519471.3069978,
    "FET": 1774552258.5785954,
    "AVAX": 1774560940.8759058,
    "SOL": 1774579137.6361244
}