{
    "FET": 1774444620.3824275,
    "APT": 1774422397.0799677,
    "NEAR": 1774405669.9199152,
    "ARB": 1774455233.302185,
    "DOT": 1774474989.8428767,
    "BNB": 1774414645.5174484,
    "PEPE": 1774432682.3455276,
    "ADA": 1774465197.915729
}