{
    "TIA": 1774118642.1952825,
    "INJ": 1774107160.0025876,
    "DOT": 1774097719.1422138,
    "NEAR": 1774128747.258948,
    "ARB": 1774180927.985348,
    "SHIB": 1774146769.1493618,
    "OP": 1774155521.4199798
}