{
    "FET": 1773925835.5435028,
    "TIA": 1773913723.5172942,
    "ARB": 1773887336.1786966,
    "AVAX": 1773903684.9762242,
    "LINK": 1773860604.973793,
    "OP": 1773935903.0465865,
    "ADA": 1773896153.1147172
}