{
    "FET": 1773990004.4814672,
    "TIA": 1773972864.1931853,
    "ARB": 1773956360.36321,
    "OP": 1773999907.7735283,
    "NEAR": 1773946977.7813258,
    "INJ": 1773982194.7306676,
    "APT": 1774011912.7329767,
    "SHIB": 1774021523.439833
}