{
    "FET": 1774379263.8742864,
    "APT": 1774358256.4585578,
    "SUI": 1774328182.6763363,
    "NEAR": 1774346345.2577016,
    "SHIB": 1774305422.2572181,
    "SOL": 1774305698.3721538,
    "AVAX": 1774306270.1918845,
    "DOGE": 1774306571.797072,
    "TIA": 1774318485.9056692,
    "ETH": 1774336091.4020724,
    "ARB": 1774368582.3944867,
    "DOT": 1774388496.87507
}