{
    "ADA": 1773397696.983832,
    "AVAX": 1773402662.0915568,
    "DOT": 1773440248.8504586,
    "SOL": 1773444465.6199877,
    "LINK": 1773449630.1513104,
    "ETH": 1773453364.7807252
}